name,price
Palit GeForce GT 730 2GB DDR3 Graphics Card,"<span>6,000৳</span>"
MSI GT 710 2GD3H LP 2GB DDR3 Gaming Graphic Card,"<span>6,200৳</span>"
GIGABYTE GeForce GT 730 2GB DDR3 PCI EXPRESS Graphics Card,"<span class=""price-new"">7,050৳</span>"
Colorful GeForce GT730K 2GD3-V 2GB Graphics Card,"<span class=""price-new"">7,100৳</span>"
Asus Geforce Gt 730 2GB GDDR5 Graphics Card,"<span class=""price-new"">7,300৳</span>"
GIGABYTE GeForce GT 730 2GB GDDR5 PCI EXPRESS Graphics Card,"<span>8,000৳</span>"
MSI GeForce GT 730 Kepler DDR3 2GB OC Low Profile Graphics Card,"<span class=""price-new"">8,300৳</span>"
Palit GeForce GT 1030 2GB DDR4 Graphics Card,"<span>9,000৳</span>"
Colorful GT1030 2GB V5-V GDDR5 Graphics Card,"<span class=""price-new"">9,000৳</span>"
Colorful GeForce GT1030 V4-V 2GB Graphics Card,"<span>9,500৳</span>"
Gigabyte GT 1030 2GB OC Graphics card,"<span>9,600৳</span>"
MSI GeForce GT 1030 2GD4 LP OC 2GB Graphics Card,"<span class=""price-new"">9,400৳</span>"
ASUS GeForce GT 1030 2GB GDDR5 low Profile Graphics Card,"<span class=""price-new"">9,600৳</span>"
Gigabyte GeForce GT 1030 Low Profile 2GB DDR5 Graphics Card,"<span class=""price-new"">9,400৳</span>"
MSI GeForce GT 1030 AERO ITX 2GD4 OC DDR4 Graphics Card,"<span>10,000৳</span>"
Gigabyte GeForce GT 1030 Low Profile D4 2GB Graphics Card,"<span class=""price-new"">9,700৳</span>"
MSI GeForce GT 730 4GB DDR3 PCI Express 2.0 Graphics Card,"<span>9,900৳</span>"
AFOX Radeon RX 550 4GB GDDR5 Dual Fan Graphics Card,"<span>17,500৳</span>"
Colorful GeForce GTX1050Ti 4G-V 4GB GDDR5 Graphics Card,"<span class=""price-new"">22,500৳</span>"
Palit GeForce GTX 1050 Ti StormX 4GB GDDR5 Graphics Card,"<span>24,500৳</span>"
Gigabyte GeForce GTX 1050 Ti D5 4GB GDDR5 Graphics Card,"<span class=""price-new"">25,000৳</span>"
Asus Phoenix GeForce GTX 1050Ti 4GB GDDR5 Graphics Card,"<span class=""price-new"">26,500৳</span>"
MSI Radeon RX 6500 XT MECH 2X 4G OC GDDR6 Graphics Card,"<span>27,000৳</span>"
Gigabyte GeForce GTX 1050 TI OC Low Profile 4GB GDDR5 Graphics Card,"<span class=""price-new"">28,000৳</span>"
Asus Cerberus GeForce GTX 1050 Ti OC Edition 4GB GDDR5 Graphics Card,"<span class=""price-new"">28,500৳</span>"
Gigabyte NVIDIA GeForce GTX 1650 OC 4GB Graphics Card,"<span>29,500৳</span>"
Gigabyte GeForce GTX 1050 TI OC Low Profile 4GB GDDR5 Graphics Card (1 Year Warranty),"<span>30,000৳</span>"
Gigabyte GeForce GTX 1650 OC Low Profile 4GB GDDR5 Graphics Card,"<span>30,000৳</span>"
Gigabyte GeForce GTX 1650 D6 OC 4GB Graphics Card,"<span class=""price-new"">30,500৳</span>"
Zotac Gaming GeForce GTX 1650 OC 4GB GDDR6 Graphics Card,"<span>33,500৳</span>"
MSI GeForce GTX 1650 D6 Ventus XS OC 4GB GDDR6 Graphics Card,"<span>31,500৳</span>"
MSI GeForce GTX 1650 VENTUS XS 4G OC Graphics Card,"<span>33,000৳</span>"
ASUS Phoenix GeForce GTX 1650 OC Edition 4GB GDDR5 Graphics Card,"<span class=""price-new"">31,500৳</span>"
Asus Dual GeForce GTX 1650 OC Edition 4GB DDR5 Graphics Card,"<span class=""price-new"">33,500৳</span>"
Palit GeForce GTX 1660 SUPER GP 6GB GDDR6 Graphics Card,"<span>43,500৳</span>"
GALAX GeForce RTX 2060 (1 Click OC) 6GB GDDR6 Graphics Card,"<span>45,000৳</span>"
Palit GeForce RTX 3050 Dual 8GB GDDR6 Graphics Card,"<span>41,900৳</span>"
XFX Speedster SWFT 210 Radeon RX 6600 Core 8GB GDDR6 Gaming Graphics Card,"<span>45,500৳</span>"
Palit GeForce GTX 1660 Ti DUAL 6GB GDDR6 Graphics Card,"<span>44,900৳</span>"
Palit GeForce RTX 2060 SUPER DUAL 8GB GDDR6 Graphics Card,"<span>51,700৳</span>"
ZOTAC Gaming GeForce RTX 2060 6GB GDDR6 Graphics Card,"<span class=""price-new"">49,000৳</span>"
Colorful GeForce GTX 1660 SUPER NB 6GB V2-V GDDR6 Graphics Card,"<span class=""price-new"">47,500৳</span>"
Gigabyte GeForce GTX 1660 Super OC 6GB Graphics Card,"<span class=""price-new"">52,000৳</span>"
Gigabyte GeForce GTX 1660 OC 6GB GDDR5 Graphics Card,"<span>53,000৳</span>"
MSI GeForce GTX 1660 Super Ventus XS OC 6GB GDDR6 Graphics Card,"<span>53,500৳</span>"
Colorful GeForce RTX 2060 NB V2-V 6GB GDDR6 Graphics Card,"<span class=""price-new"">52,500৳</span>"
MSI GeForce GTX 1660 Super Ventus XS 6GB GDDR6 Graphics Card,"<span>54,500৳</span>"
Gigabyte GeForce GTX 1660 SUPER D6 6GB GDDR6 Graphics Card,"<span class=""price-new"">51,500৳</span>"
Gigabyte GeForce GTX 1660 Ti OC 6GB Graphics Card,"<span class=""price-new"">51,500৳</span>"
ZOTAC GAMING GeForce GTX 1660 SUPER 6GB GDDR6 Twin Fan Graphics Card,"<span class=""price-new"">45,999৳</span>"
ZOTAC GAMING GeForce GTX 1660 Ti 6GB GDDR6 Graphics Card,"<span>54,000৳</span>"
Sapphire Pulse AMD Radeon RX 6600 Gaming 8GB GDDR6 Graphics Card,"<span>43,000৳</span>"
Gigabyte GeForce RTX 3050 EAGLE 8GB GDDR6 Graphics Card,"<span>57,000৳</span>"
Asus GeForce GTX 1660 Super TUF 6GB OC Graphics Card,"<span>58,000৳</span>"
Gigabyte GeForce RTX 2060 D6 6GB GDDR6 Graphics Card,"<span class=""price-new"">56,500৳</span>"
ASUS TUF Gaming GeForce GTX 1660 Ti EVO OC Edition 6GB GDDR6 Graphics Card,"<span class=""price-new"">55,500৳</span>"
Gigabyte GeForce RTX 3050 Gaming OC 8GB GDDR6 Graphics Card,"<span>57,500৳</span>"
MSI GeForce GTX 1660 SUPER GAMING 6GB GDDR6 Graphics Card,"<span>57,500৳</span>"
Gigabyte GeForce RTX 2060 D6 12GB GDDR6 Graphics Card,"<span>59,000৳</span>"
ASRock Radeon RX 6600 XT Challenger D 8GB OC GDDR6 Graphics Card,"<span>60,000৳</span>"
ZOTAC GAMING GeForce RTX 2060 12GB GDDR6 Twin Fan Graphics Card,"<span class=""price-new"">50,000৳</span>"
MSI GeForce GTX 1660 Ti VENTUS XS 6G OC Graphics Card,"<span>59,500৳</span>"
Sapphire NITRO+ AMD Radeon RX 6600 XT Gaming OC 8GB GDDR6 Graphics Card,"<span>64,000৳</span>"
Sapphire Pulse AMD Radeon RX 6600 XT Gaming OC 8GB GDDR6 Graphics Card,"<span>53,000৳</span>"
Sapphire NITRO+ AMD Radeon RX 6600 XT 8GB GDDR6 Graphics Card,"<span>55,000৳</span>"
MSI Radeon RX 6600 XT MECH 2X 8G OCV1 GDDR6 Graphics Card,"<span>65,500৳</span>"
Palit GeForce RTX 3060 Dual 12GB GDDR6 Graphics Card,"<span>56,900৳</span>"
GIGABYTE Radeon RX 6600 EAGLE 8G 8GB GDDR6 Graphics Card,"<span>58,000৳</span>"
GIGABYTE Radeon RX 6600 XT GAMING OC PRO 8GB GDDR6 Graphics Card,"<span class=""price-new"">67,500৳</span>"
Colorful GeForce RTX 2060 SUPER NB 8G-V 8GB GDDR6 Graphics Card,"<span>69,900৳</span>"
GALAX GeForce RTX 2080 EX (1-Click OC) 8GB GDDR6 Graphics Card,"<span>69,999৳</span>"
Gigabyte GeForce RTX 3060 VISION OC 12GB GDDR6 Graphics Card,"<span>72,000৳</span>"
Colorful iGame GeForce RTX 3060 Ultra W OC 12G L-V 12GB GDDR6 Graphics Card,"<span class=""price-new"">65,500৳</span>"
Asus Dual GeForce RTX 3060 V2 12GB GDDR6 Graphics Card,"<span>74,500৳</span>"
PNY GeForce RTX 3060 12GB UPRISING Dual Fan Graphics Card,"<span>53,500৳</span>"
PNY GeForce RTX 3060 Ti 8GB UPRISING Dual Fan LHR Graphics Card,"<span>64,000৳</span>"
PNY GeForce RTX 3070 Ti 8GB XLR8 Gaming UPRISING EPIC-X RGB Triple Fan Graphics Card,"<span>85,000৳</span>"
Gigabyte GeForce RTX 3060 GAMING OC 12GB Graphics Card,"<span>75,000৳</span>"
MSI GeForce RTX 2060 VENTUS 12G OC GDDR6 Graphic Card,"<span>56,000৳</span>"
ASUS Dual GeForce RTX 3060 V2 OC Edition 12GB GDDR6 Graphics Card,"<span class=""price-new"">70,000৳</span>"
MSI GeForce RTX 3060 VENTUS 2X OC 12GB Graphics Card,"<span class=""price-new"">71,900৳</span>"
MSI GeForce RTX 3060 VENTUS 2X XS 12GB GDDR6 Graphics Card,"<span>79,000৳</span>"
ASUS Dual GeForce RTX 3060 Ti V2 OC Edition 8GB GDDR6 Graphics Card,"<span class=""price-new"">79,500৳</span>"
ASUS DUAL GeForce RTX 3060 Ti MINI V2 OC Edition 8GB GDDR6 LHR Graphics Card,"<span class=""price-new"">73,000৳</span>"
Gigabyte GeForce RTX 3060 Ti Gaming OC 8GB Graphics Card,"<span>85,000৳</span>"
MSI GeForce RTX 3060 VENTUS 2X 12GB GDDR6 Graphics Card,"<span>85,000৳</span>"
Gigabyte AORUS GeForce RTX 3060 ELITE 12GB GDDR6 Graphics Card,"<span class=""price-new"">81,000৳</span>"
Gigabyte GeForce RTX 3060 Ti GAMING OC PRO 8GB Graphics Card,"<span>86,500৳</span>"
MSI GeForce RTX 3060 Ti VENTUS 2X 8GB OCV1 LHR GDDR6 Graphics Card,"<span>77,000৳</span>"
MSI GeForce RTX 3060 Ti GAMING X 8GB LHR GDDR6 Graphics Card,"<span>88,500৳</span>"
Sapphire PULSE AMD Radeon RX 6700 XT GAMING OC 12GB GDDR6 Graphics Card,"<span>74,000৳</span>"
Gigabyte AORUS GeForce RTX 3060 Ti ELITE 8GB Graphics Card,"<span>92,000৳</span>"
Asus ROG Strix GeForce RTX 3060 V2 12GB GDDR6 Gaming Graphics Card,"<span>94,000৳</span>"
Sapphire NITRO+ AMD Radeon RX 6700 XT Gaming OC 12GB GDDR6 Graphics Card,"<span>80,000৳</span>"
Gigabyte GeForce RTX 3070 Gaming OC 8GB Graphics Card,"<span>107,000৳</span>"
Colorful iGame GeForce RTX 3070 TI Ultra W OC 8G-V GDDR6X 8GB Graphics Card,"<span class=""price-new"">104,000৳</span>"
Sapphire NITRO PLUS AMD Radeon RX 6800 Gaming OC 16GB Graphics Card,"<span>110,000৳</span>"
Palit GeForce RTX 3070 Ti GamingPro 8GB GDDR6X Graphics Card,"<span>110,000৳</span>"
Sapphire PULSE AMD Radeon RX 6800 Gaming 16GB GDDR6 Graphics Card,"<span>100,000৳</span>"
Colorful iGame GeForce RTX 3070 Ti Vulcan OC 8G-V GDDR6X Graphics Card,"<span class=""price-new"">108,000৳</span>"
Gigabyte GeForce RTX 3070 Ti VISION OC 8GB GDDR6X Graphics Card,"<span>115,000৳</span>"
MSI GeForce RTX 3070 Ti VENTUS 3X OC Edition 8GB GDDR6X Graphics Card,"<span>107,000৳</span>"
Sapphire Pulse AMD Radeon RX 6800 XT 16GB GDDR6 Graphics Card,"<span>105,000৳</span>"
Gigabyte AORUS GeForce RTX 3070 Ti MASTER 8GB GDDR6X Graphics Card,"<span>120,000৳</span>"
MSI GeForce RTX 3070 Ti SUPRIM X 8GB GDDR6X Graphics Card,"<span>114,000৳</span>"
MSI Geforce RTX 3070 TI Gaming X Trio 8GB GDDR6X Graphics Card,"<span>110,000৳</span>"
ASUS TUF Gaming GeForce RTX 3070 Ti OC 8GB GDDR6X Graphics Card,"<span class=""price-new"">121,500৳</span>"
ZOTAC Gaming GeForce RTX 3070 Ti AMP Holo 8GB GDDR6X Graphics Card,"<span>102,900৳</span>"
Asus ROG Strix GeForce RTX 3070 Ti OC Edition 8GB GDDR6X Graphics Card,"<span>137,000৳</span>"
MSI GeForce RTX 3080 GAMING Z TRIO 12G LHR GDDR6X Graphics Card,"<span>165,000৳</span>"
MSI GeForce RTX 3080 GAMING Z TRIO 10G LHR GDDR6X Graphics Card,"<span>135,000৳</span>"
ZOTAC GAMING GeForce RTX 3080 AMP Holo LHR 10GB Graphics Card,"<span>128,000৳</span>"
MSI GeForce RTX 3080 VENTUS 3X PLUS 10GB OC LHR GDDR6X Graphics Card,"<span>130,000৳</span>"
Colorful iGame GeForce RTX 3080 Vulcan OC 12G LHR-V GDDR6X Graphics Card,"<span class=""price-new"">146,000৳</span>"
SAPPHIRE NITRO+ AMD Radeon RX 6900 XT Special Edition 16GB GDDR6 Graphics Card,"<span>145,000৳</span>"
Palit GeForce RTX 3080 Ti GamingPro 12GB GDDR6X Graphics Card,"<span>152,900৳</span>"
MSI GeForce RTX 3080 SUPRIM 10GB LHR GDDR6X Graphics Card,"<span>170,000৳</span>"
MSI GeForce RTX 3080 SUPRIM X 10G LHR 10GB GDDR6X Graphics Card,"<span>140,000৳</span>"
Gigabyte GeForce RTX 3080 Ti GAMING OC 12GB GDDR6X Graphics Card,"<span>181,000৳</span>"
Asus ROG Strix GeForce RTX 3080 10GB GDDR6X Graphics Card,"<span class=""price-new"">181,000৳</span>"
MSI GeForce RTX 3080 SUPRIM X 12G LHR 12GB GDDR6X Graphics Card,"<span>165,000৳</span>"
Gigabyte AORUS Radeon RX 6900 XT MASTER 16GB GDDR6 Graphics Card,"<span>192,000৳</span>"
Asus ROG Strix GeForce RTX 3080 V2 OC Edition 10GB GDDR6X Gaming Graphics Card,"<span class=""price-new"">187,000৳</span>"
Zotac Gaming GeForce RTX 3080 Ti Trinity OC 12GB GDDR6X Graphics Card,"<span>166,900৳</span>"
MSI GeForce RTX 3080 Ti VENTUS 3X 12GB OC GDDR6X Graphics Card,"<span>178,000৳</span>"
MSI GeForce RTX 3080 Ti GAMING X TRIO 12GB GDDR6X Graphics Card,"<span class=""price-new"">212,000৳</span>"
Asus TUF Gaming GeForce RTX 3080 Ti OC 12GB GDDR6X Graphics Card,"<span>211,000৳</span>"
Sapphire TOXIC AMD Radeon RX 6900 XT Extreme Edition 16GB GDDR6 Graphics Card,"<span>207,000৳</span>"
MSI Radeon RX 6900 XT Gaming Z Trio 16GB GDDR6 Graphics Card,"<span>210,000৳</span>"
MSI GeForce RTX 3090 VENTUS 3X OC 24GB Graphics Card,"<span>239,000৳</span>"
Zotac Gaming GeForce RTX 3090 Trinity OC 24GB GDDR6X Graphics Card,"<span>219,900৳</span>"
ASUS ROG Strix NVIDIA GeForce RTX 3090 OC Edition 24GB Gaming Graphics Card,"<span>310,000৳</span>"
Asus ROG Strix GeForce RTX 3090 White OC Edition 24GB GDDR6X Graphics Card,"<span>315,000৳</span>"
ZOTAC GeForce GT 1030 Low Profile 2GB GDDR5 Graphics Card,<span>TBA</span>
Zotac Gaming GeForce RTX 2060 8GB GDDR6 Super Mini Graphics Card,<span>TBA</span>
Gigabyte Radeon RX 5700 XT Gaming OC 8GB Graphics Card,<span>TBA</span>
Zotac Gaming GeForce GTX 1650 Super 4GB GDDR6 Twin Fan Graphics Card,<span>TBA</span>
Gigabyte GeForce GTX 1660 Super Gaming OC 6GB Graphics Card,<span>TBA</span>
Gigabyte GeForce GTX 1650 Super Windforce OC 4GB Graphics Card,<span>TBA</span>
Gigabyte Radeon RX 5700 Gaming OC 8GB Graphics Card,<span>TBA</span>
Gigabyte Radeon RX 5600 XT Gaming OC 6GB Graphics Card,<span>TBA</span>
Gigabyte GeForce GTX 1650 Super OC 4GB Graphics Card,<span>TBA</span>
ASUS TUF Gaming X3 Radeon RX 5700 OC 8GB Graphics Card,<span>TBA</span>
Gigabyte GeForce GTX 1650 D6 WINDFORCE OC 4G Graphics Card,<span>TBA</span>
Zotac Gaming Geforce RTX3080 Trinity 10GB GDDR6X Graphics Card,<span>TBA</span>
Gigabyte GeForce GTX 1050 TI OC 4GB Graphics Card,<span>TBA</span>
ZOTAC GeForce RTX 3090 Trinity 24GB GDDR6X Gaming Graphics Card,<span>TBA</span>
ZOTAC Gaming GeForce RTX 3070 Twin Edge OC 8GB GDDR6 Graphics Card,<span>TBA</span>
Zotac Gaming GeForce GTX 1650 AMP 4GB GDDR6 Graphics Card,<span>TBA</span>
ZOTAC GAMING GeForce RTX 3070 Twin Edge 8GB GDDR6 Graphics Card,<span>TBA</span>
Zotac Gaming GeForce RTX3080 Trinity OC 10GB GDDR6X Graphics Card,<span>TBA</span>
ZOTAC GAMING GeForce RTX 3060 Ti Twin Edge 8GB Graphics Card,<span>TBA</span>
GIGABYTE GeForce RTX 3060 Ti EAGLE OC 8GB Graphics Card,<span>TBA</span>
Gigabyte AORUS GeForce RTX 3080 MASTER 10GB GDDR6X Graphics Card,<span>TBA</span>
Gigabyte AORUS GeForce RTX 3080 XTREME WATERFORCE 10GB GDDR6X Graphics Card,<span>TBA</span>
GIGABYTE Radeon RX 6800 GAMING OC 16GB Graphics Card,<span>TBA</span>
GIGABYTE GeForce RTX 3070 Vision OC 8GB Graphics Card,<span>TBA</span>
ASUS KO NVIDIA GeForce RTX 3060 Ti OC Edition 8GB GDDR6 Graphics Card,<span>TBA</span>
Asus KO GeForce RTX 3070 Gaming Edition 8GB GDDR6 Graphics Card,<span>TBA</span>
Gigabyte GeForce GTX 1660 Super Gaming 6GB Graphics Card,<span>TBA</span>
MSI Radeon RX 6700 XT GAMING X 12GB GDDR6 Graphics Card,<span>TBA</span>
ASUS TUF Gaming GeForce RTX 3060 OC Edition 12GB GDDR6 Graphics Card,<span>TBA</span>
Asus ROG Strix GeForce RTX 3060 OC Edition 12GB GDDR6 Gaming Graphics Card,<span>TBA</span>
ASUS ROG Strix Radeon RX 6700 XT OC Edition 12GB GDDR6 Gaming Graphics Card,<span>TBA</span>
MSI Radeon RX 6900 XT GAMING X TRIO 16GB Graphics Card,<span>TBA</span>
Asus ROG Strix GeForce RTX 3070 8GB GDDR6 Gaming Graphics Card,<span>TBA</span>
MSI Radeon RX 6900 XT 16GB GDDR6 Graphics Card,<span>TBA</span>
MSI Radeon RX 6900 XT Gaming X Trio 16GB GDDR6 Graphics Card,<span>TBA</span>
Gigabyte Aorus GeForce RTX 3080 Ti Xtreme 12GB GDDR6X Graphics Card,<span>TBA</span>
Zotac Gaming GeForce RTX 3070 AMP Holo LHR 8GB GDDR6 Graphics Card,<span>TBA</span>
Asus KO GeForce RTX 3060 TI V2 OC Edition 8GB GDDR6 Graphics Card,<span>TBA</span>
GIGABYTE Radeon RX 6800 XT GAMING OC 16GB GDDR6 Graphics Card,<span>TBA</span>
ZOTAC GAMING GeForce RTX 3060 Ti Twin Edge LHR 8GB Graphics Card,<span>TBA</span>
ASRock Radeon RX 6600 Challenger D 8GB GDDR6 Graphics Card,<span>TBA</span>
Asus GeForce GT 710 2GB DDR5 Graphics Card,<span>TBA</span>
MSI GeForce GT 730 2GB DDR3 Graphics Card,<span>TBA</span>
Sapphire Pulse Radeon RX 550 4GB GDDR5 Graphics Card,<span>TBA</span>
Sapphire Pulse Radeon RX 570 4GB GDDR5 HDMI DP Graphics card,<span>TBA</span>
MSI Radeon RX 570 ARMOR 4G OC GDDR5 Graphics Card,<span>TBA</span>
Sapphire Pulse Radeon RX 570 8GB GDDR5 Graphics Card,<span>TBA</span>
MSI Radeon RX 570 ARMOR 8G OC GDDR5 Graphics Card,<span>TBA</span>
MSI GeForce GTX 1650 Super Gaming X 4GB Graphics Card,<span>TBA</span>
MSI GeForce GTX 1050 Ti 4GT OCV1 4GB Graphics Card,"<span>26,000৳</span>"
MSI Radeon RX 5600 XT Gaming MX 6GB Graphics Card,<span>TBA</span>
Sapphire Pulse Radeon RX 5600 XT 6GB GDDR6 Graphics Card,<span>TBA</span>
MSI AMD Radeon RX 5700 MECH OC Gaming 8GB Graphics Card,<span>TBA</span>
MSI Radeon RX 5700 XT Gaming X 8GB Graphics Card,<span>TBA</span>
ASUS TUF Gaming X3 Radeon RX 5700 XT OC 8GB Graphics Card,<span>TBA</span>
MSI GeForce RTX 3060 Ti GAMING X TRIO 8GB Graphics Card,<span>TBA</span>
Sapphire NITRO+ AMD Radeon RX 6800 XT 16GB GDDR6 Graphics Card,<span>TBA</span>
Sapphire NITRO+ AMD Radeon RX 6800 16GB GDDR6 Graphics Card,<span>TBA</span>
Sapphire Pulse AMD Radeon RX 6800 OC Gaming 16GB GDDR6 Graphics Card,<span>TBA</span>
Sapphire NITRO+ AMD Radeon RX 6800 XT SE 16GB GDDR6 ARGB Gaming Graphics Card,<span>TBA</span>
MSI GeForce RTX 3080 Gaming X Trio 10GB Graphics Card,<span>TBA</span>
MSI GeForce RTX 3080 SUPRIM X 10GB Graphics Card,<span>TBA</span>
MSI GeForce RTX 3080 VENTUS 3X 10GB OC Graphics Card,<span>TBA</span>
MSI GeForce RTX 3080 SUPRIM 10GB GDDR6X Graphics Card,<span>TBA</span>
Gigabyte GT 710 2GB DDR3 Graphics Card,<span>TBA</span>
Gigabyte GT 710 2GB DDR5 Graphics Card,<span>TBA</span>
Asus Rog Strix RX570 OC edition 4GB GDDR5 Graphics Card,<span>TBA</span>
Gigabyte GeForce RTX 2060 OC 6GB Graphics Card,<span>TBA</span>
ZOTAC GAMING GeForce GTX 1660 Ti AMP 6GB GDDR6 Graphics Card,<span>TBA</span>
ZOTAC GAMING GeForce RTX 2060 AMP 6GB GDDR6 Graphics Card,<span>TBA</span>
GALAX GeForce RTX 2070 Super EX (1-Click OC) 8GB GDDR6 Graphics Card,<span>TBA</span>
Gigabyte GeForce RTX 2060 Super Gaming OC 8GB Graphics Card,<span>TBA</span>
Zotac Gaming GeForce GTX 1660 SUPER AMP 6GB GDDR6 Graphics Card,<span>TBA</span>
Gigabyte Geforce RTX 2060 SUPER WINDFORCE OC 8GB Graphics Card,<span>TBA</span>
GALAX GeForce RTX 2070 Super Work The Frames Edition 8GB GDDR6 256-bit Graphics Card,<span>TBA</span>
GALAX GeForce RTX 2070 Super EX Gamer Black Edition 8GB GDDR6 Graphics Card,<span>TBA</span>
Asus ROG Strix RX 5600 XT OC Gaming 6GB Graphics Card,<span>TBA</span>
Gigabyte Radeon RX 5500 XT Gaming OC 4GB Graphics Card,<span>TBA</span>
Gigabyte Radeon RX 5500 XT Gaming OC 8GB Graphics Card,<span>TBA</span>
Gigabyte Radeon RX 5500 XT OC 4GB Graphics Card,<span>TBA</span>
Gigabyte Radeon  RX 5500 XT OC 4GB Graphics Card,<span>TBA</span>
ASUS Phoenix Radeon RX 550 4GB Evo Graphics Card,<span>TBA</span>
Asus Dual Radeon RX 5500 XT EVO 8GB GDDR6 Graphics Card,<span>TBA</span>
Zotac GeForce GTX 1660 Twin Fan Gaming 6GB GDDR5 Graphics Card,<span>TBA</span>
Zotac Gaming GeForce GTX 1650 AMP Core 4GB GDDR6 Graphics Card,<span>TBA</span>
GALAX GeForce GTX 1660 Super (1-Click OC) 6GB GDDR6 Graphics Card,<span>TBA</span>
Asus ROG Strix GeForce GTX 1650 SUPER OC Edition 4GB GDDR6 Graphics Card,<span>TBA</span>
ZOTAC GAMING GeForce RTX 3080 AMP Holo 10GB Graphics Card,<span>TBA</span>
Gigabyte GeForce RTX 3080 EAGLE OC 10GB Graphics Card,<span>TBA</span>
Gigabyte GeForce RTX 3090 GAMING OC 24GB GDDR6X GAMING Graphics Card,<span>TBA</span>
Asus Phoenix GeForce GTX 1650 4GB GDDR6 Graphics Card,<span>TBA</span>
Gigabyte AORUS GeForce RTX 3060 Ti MASTER 8GB Graphics Card,<span>TBA</span>
Gigabyte GeForce RTX 3080 Vision OC 10GB GDDR6X Graphics Card,<span>TBA</span>
Gigabyte AORUS GeForce RTX 3080 XTREME 10GB GDDR6X Graphics Card,<span>TBA</span>
Gigabyte AORUS GeForce RTX 3090 XTREME 24GB GDDR6X Graphics Card,<span>TBA</span>
Gigabyte AORUS GeForce RTX 3070 MASTER 8GB Graphics Card,<span>TBA</span>
Zotac Gaming GeForce RTX 3070 Twin Edge OC White Edition 8GB GDDR6 Graphics Card,<span>TBA</span>
GALAX GeForce RTX 3070 SG (1-Click OC) 8GB GDDR6 Graphics Card,<span>TBA</span>
Gigabyte Aorus GeForce RTX 3090 Master 24GB GDDR6X Graphics Card,<span>TBA</span>
Zotac Gaming GeForce RTX 3070 AMP Holo 8GB GDDR6 Graphics Card,<span>TBA</span>
Gigabyte GeForce RTX 3070 Eagle OC 8GB Graphics Card,<span>TBA</span>
ZOTAC GAMING GeForce RTX 3060 Twin Edge OC GDDR6 12GB Graphics Card,"<span>58,900৳</span>"
Sapphire NITRO+ AMD Radeon RX 6700 XT 12GB RDNA GDDR6 Graphics Card,<span>TBA</span>
ZOTAC Gaming GeForce RTX 3060 AMP White Edition 12GB Graphics Card,"<span>64,900৳</span>"
ASUS KO RTX 3060 Ti Gaming Edition 8GB GDDR6 Graphics Card,<span>TBA</span>
Gigabyte GeForce RTX 3060 EAGLE 12GB GDDR6 Graphics Card,<span>TBA</span>
Asus Phoenix GeForce GT 1030 OC 2GB GDDR5 Graphics Card,<span>TBA</span>
Asus ROG Strix GeForce RTX 3070 OC Edition 8GB GDDR6 Gaming Graphics Card,<span>TBA</span>
GALAX GeForce RTX 3090 HOF 24GB GDDR6X Graphics Card,<span>TBA</span>
GALAX GeForce RTX 3090 HOF Limited Edition 24GB GDDR6X Graphics Card,<span>TBA</span>
ASUS Dual NVIDIA GeForce RTX 3070 OC Edition 8GB Gaming Graphics Card,<span>TBA</span>
ZOTAC GeForce GT 730 Zone Edition 4GB DDR3 Graphics Card,<span>TBA</span>
ZOTAC GAMING GeForce RTX 3080 Ti AMP Holo 12GB Graphics Card,"<span>175,900৳</span>"
ZOTAC GAMING GeForce RTX 3080 Ti Trinity 12GB GDDR6X Graphics Card,"<span>159,900৳</span>"
ZOTAC GAMING GeForce RTX 3070 Ti Trinity 8GB GDDR6X Graphics Card,<span>TBA</span>
ZOTAC Gaming GeForce RTX 3070 Twin Edge OC LHR White Edition 8GB GDDR6 Graphics Card,<span>TBA</span>
Zotac Gaming GeForce RTX3080 Trinity OC LHR 10GB GDDR6X Graphics Card,"<span>122,000৳</span>"
Palit GeForce GTX 1660 DUAL 6GB GDDR5 Graphics Card,<span>TBA</span>
Gigabyte GeForce GTX 1650 D6 EAGLE OC 4GB GDDR6 Graphics Card,<span>TBA</span>
Gigabyte GeForce RTX 3080 Ti EAGLE OC 12GB GDDR6X Graphics Card,<span>TBA</span>
Gigabyte GeForce RTX 3070 TI EAGLE OC 8GB GDDR6X Graphics Card,<span>TBA</span>
Gigabyte GeForce RTX 3070 TI EAGLE 8GB GDDR6X Graphics Card,<span>TBA</span>
Gigabyte GeForce RTX 3080 EAGLE 10GB Graphics Card,<span>TBA</span>
Asus ROG Strix GeForce RTX 3060 V2 GAMING OC Edition 12GB GDDR6 Graphics Card,<span>TBA</span>
ASUS ROG Strix LC GeForce RTX 3080 Ti OC Edition 12GB GDDR6X Gaming Graphics Card,<span>TBA</span>
ZOTAC Gaming GeForce RTX 3070 Twin Edge OC LHR 8GB GDDR6 Graphics Card,<span>TBA</span>
ZOTAC Gaming GeForce RTX 3060 Ti AMP White Edition LHR 8GB GDDR6 Graphics Card,<span>TBA</span>
ZOTAC GAMING GeForce RTX 3070 Ti AMP Extreme Holo 8GB GDDR6X Graphics Card,"<span>112,000৳</span>"
ZOTAC GAMING GeForce RTX 3080 Ti AMP Extreme Holo 12GB GDDR6X Graphics Card,"<span>185,000৳</span>"
Palit GeForce RTX 3080 GamingPro 10GB GDDR6X Graphics Card,<span>TBA</span>
ASUS TUF Gaming GeForce RTX 3060 Ti V2 8GB GDDR6 Graphics Card,<span>TBA</span>
ZOTAC GAMING GeForce RTX 3060 Twin Edge 12GB GDDR6 Graphics Card,<span>TBA</span>
Gigabyte Radeon RX 6900 XT GAMING OC 16GB GDDR6 Graphics Card,<span>TBA</span>
Gigabyte GeForce RTX 3060 Ti Vision OC 8GB (rev. 2.0) Graphics Card,<span>TBA</span>
ZOTAC Gaming GeForce RTX 3070 Ti Trinity OC 8GB GDDR6X Graphics Card,<span>TBA</span>
Zotac Gaming GeForce RTX 3050 Twin Edge GDDR6 8GB Graphics Card,<span>TBA</span>
Deepcool GH-01 A-RGB Graphics Card Holder,<span>TBA</span>
Cooler Master Universal VGA Holder for all size Tower Chassis,<span>TBA</span>
Zotac GeForce GT 710 2GB DDR3 Graphics Card,<span>TBA</span>
GALAX GeForce GT 1030 EXOC White 2GB GDDR5 Graphics Card,<span>TBA</span>
BIOSTAR GeForce GT1030 2GB DDR5 Graphics Card,<span>TBA</span>
Sapphire Pulse Radeon RX 550 2GB GDDR5 Graphics Card,<span>TBA</span>
MSI GeForce GT 1030 AERO ITX OC 2GB Graphic Card,<span>TBA</span>
XFX Radeon RX 560 4GB DDR5 PCI-E AMD Graphics Card (RX-560D4SFG5),<span>TBA</span>
GALAX GeForce GTX 1050 Ti EXOC White 4GB DDR5 Graphics Card,<span>TBA</span>
GALAX GeForce GTX 1650 EX (1-Click OC) 4GB GDDR5 Graphics Card,<span>TBA</span>
MSI GeForce GTX 1650 D6 Ventus XS OCV1 4GB GDDR6 Graphics Card,<span>TBA</span>
PNY GeForce GTX 1650 Dual-Fan 4GB GDDR6 Graphics Card,<span>TBA</span>
XFX AMD Radeon RX 570 RS 8GB XXX Edition Graphics Card,<span>TBA</span>
MSI GeForce GTX 1050 TI 4GB Graphics Card,<span>TBA</span>
MSI GeForce GTX 1650 Super Ventus XS OC 4GB Graphics Card,<span>TBA</span>
Sapphire Pulse Radeon RX 5500 XT 4GB Graphics Card,<span>TBA</span>
MSI Radeon RX 5500 XT Mech 4GB OC Graphics Card,<span>TBA</span>
XFX AMD Radeon RX 5500 XT THICC II Pro 4GB GDDR6 Graphics Card,<span>TBA</span>
ARKTEK NVIDIA Geforce GTX 1050Ti 4GB GDDR5 Graphics Card,<span>TBA</span>
MSI Radeon RX 570 8GT OC 8GB Graphics Card,<span>TBA</span>
MSI Radeon RX 5500 XT Mech 8GB OC Graphics Card,<span>TBA</span>
XFX AMD Radeon RX 5500 XT THICC II Pro 8GB GDDR6 Graphics Card,<span>TBA</span>
MSI Radeon RX 5500 XT Gaming X 8GB GDDR6 Graphics Card,<span>TBA</span>
Sapphire Pulse AMD Radeon RX 6500 XT Gaming OC 4GB GDDR6 Graphics Card,"<span>24,300৳</span>"
Sapphire Nitro+ Radeon RX 5500 XT 8GB Graphics Card,<span>TBA</span>
Galax GeForce GTX 1660 Super EX (1-Click OC) 6GB GDDR6 192-bit Graphics Card,<span>TBA</span>
Asus ROG Strix RX 5500XT 8GB Gaming Graphics Card,<span>TBA</span>
Galax GeForce GTX 1060 OC 6GB GDDR5X Graphics Card,<span>TBA</span>
MSI GeForce GTX 1050 Ti GAMING 4GB Graphics Card,<span>TBA</span>
Asus TUF Gaming X3 GeForce GTX 1660 Super 6GB GDDR6 Graphics Card,<span>TBA</span>
Colorful GeForce GTX 1650 NB DDR6 4GB-V Graphics Card,<span>TBA</span>
MSI GeForce GTX 1660 Ti GAMING X 6G Graphics Card,<span>TBA</span>
XFX RX 580 GTS XXX Edition 8GB DDR5 Graphics Card,<span>TBA</span>
Sapphire Pulse Radeon RX 5600 XT BE 6GB Graphics Card,<span>TBA</span>
MSI GeForce GTX 1650 VENTUS XS 4GB OCV1 Graphics Card,<span>TBA</span>
MSI GeForce GTX 1650 D6 Ventus XS OCV2 4GB GDDR6 Graphics Card,<span>TBA</span>
MSI GeForce GTX 1650 D6 GAMING X 4GB GDDR6 Graphics Card,<span>TBA</span>
XFX AMD Radeon RX 5600 XT THICC III Ultra 6GB GDDR6 Graphics Card,<span>TBA</span>
Asus TUF Gaming GeForce GTX 1650 Super OC 4GB Graphics Card,<span>TBA</span>
XFX AMD Radeon RX 5600 XT THICC III Ultra 14Gbps 6GB GDDR6 Graphics Card,<span>TBA</span>
Asus TUF GeForce GTX 1650 Super Gaming 4GB GDDR6 Graphics Card,<span>TBA</span>
Asus Phoenix GeForce GTX 1650 OC Edition 4GB GDDR6 Graphics Card,<span>TBA</span>
XFX Radeon RX 5700 8GB Core Edition Graphics Card,<span>TBA</span>
Asus TUF Gaming GeForce GTX 1650 4GB GDDR6 Graphics Card,<span>TBA</span>
Asus Dual Radeon RX 5700 Evo OC Edition 8GB Graphics Card,<span>TBA</span>
MSI Radeon RX 5700 XT MECH OC 8GB Graphics Card,<span>TBA</span>
Asus Phoenix GeForce GTX 1660 Super 6GB GDDR6 Graphics Card,<span>TBA</span>
XFX AMD Radeon RX 5600 XT THICC II Pro 6GB GDDR6 Graphics Card,<span>TBA</span>
GALAX GeForce RTX 2060 Super (1-Click OC) V2 8GB GDDR6 256-bit Graphics Card,<span>TBA</span>
XFX AMD Radeon RX 5600 XT THICC II Pro 14Gbps 6GB GDDR6 Graphics Card,<span>TBA</span>
GALAX GeForce RTX 2060 Super EX (1-Click OC) 8GB GDDR6 256-bit Graphics Card,<span>TBA</span>
Gigabyte GeForce RTX 3050 EAGLE OC 8GB GDDR6 Graphics Card,"<span>58,000৳</span>"
BIOSTAR Radeon RX580 8GB GDDR5 Dual Cooling Gaming Graphics Card,<span>TBA</span>
Asus TUF GeForce GTX 1660 Super Gaming 6GB GDDR6 Graphics Card,<span>TBA</span>
XFX Amd Radeon RX590 Fatboy 8GB OC DDR5 Graphics Card,<span>TBA</span>
XFX Radeon RX 5700 XT THICC III ULTRA 8GB GDDR6 Graphics Card,<span>TBA</span>
MSI GeForce GTX 1660 Super Gaming X 6GB GDDR6 Graphics Card,<span>TBA</span>
MSI GeForce GTX 1660 Super Ventus XS OCV1 6GB GDDR6 Graphics Card,<span>TBA</span>
Gigabyte GeForce GTX 1650 SUPER D6 4GB GDDR6 Graphics Card,<span>TBA</span>
Zotac Gaming GeForce RTX 3050 Twin Edge OC 8GB GDDR6 Graphics Card,"<span>40,900৳</span>"
XFX Speedster SWFT 309 AMD Radeon RX 6700 XT Core 12GB GDDR6 Gaming Graphics Card,"<span>81,000৳</span>"
XFX Speedster SWFT 210 Radeon RX 6600 XT Core 8GB GDDR6 Gaming Graphics Card,<span>TBA</span>
Asus ROG Strix GeForce RTX 2060 EVO V2 6GB GDDR6 Graphics Card,<span>TBA</span>
Colorful GeForce RTX 2060 NB DUO 12G-V 12GB GDDR6 Graphics Card,<span>TBA</span>
Galax GeForce RTX 3060 1-Click OC 12GB GDDR6 Graphics Card,<span>TBA</span>
MSI Radeon RX 6600 XT GAMING X 8GB GDDR6 Graphics Card,<span>TBA</span>
MSI GeForce RTX 3060 Ti VENTUS 2X OC 8GB Graphics Card,<span>TBA</span>
ASUS KO GeForce RTX 3060 12GB GDDR6 Graphics Card,<span>TBA</span>
Gigabyte GeForce RTX 3060 Eagle OC 12GB Graphics Card,<span>TBA</span>
GALAX GeForce RTX 2080 Super EX (1-Click OC) 8GB GDDR6 Graphics Card,<span>TBA</span>
MSI GeForce RTX 3060 Ti VENTUS 3X 8G OC LHR GDDR6 Graphics Card,<span>TBA</span>
ASUS TUF Gaming GeForce RTX 3060 12GB GDDR6 Graphics Card,<span>TBA</span>
XFX SPEEDSTER QICK 319 RX 6700 XT 12GB DDR6 Graphics Card,<span>TBA</span>
Sapphire PULSE AMD Radeon RX 6700 XT 12GB RDNA GDDR6 Graphics Card,<span>TBA</span>
MSI GeForce RTX 3060 GAMING X 12GB GDDR6 Graphics Card,"<span>75,000৳</span>"
Palit GeForce RTX 3060 Ti Dual 8GB GDDR6 Graphics Card,<span>TBA</span>
GIGABYTE GeForce RTX 3060 Ti EAGLE 8GB Graphics Card,<span>TBA</span>
ASUS KO GeForce RTX 3060 V2 OC Edition 12GB GDDR6 Graphics Card,<span>TBA</span>
ASUS TUF Gaming GeForce RTX 3060 V2 OC 12GB GDDR6 Graphics Card,<span>TBA</span>
XFX Speedster QICK 210 AMD Radeon RX 6500 XT BLACK 4GB GDDR6 Gaming Graphics Card,"<span>25,500৳</span>"
XFX Speedster QICK 319 AMD Radeon RX 6700 XT BLACK 12GB GDDR6 Gaming Graphics Card,<span>TBA</span>
MSI GeForce RTX 3070 VENTUS 3X OC 8GB Graphics Card,<span>TBA</span>
ASUS TUF Gaming GeForce RTX 3060 Ti V2 OC 8GB GDDR6 Graphics Card,<span>TBA</span>
GALAX GeForce RTX 3070 1-Click OC 8GB DDR6 Graphics Card,<span>TBA</span>
MSI GeForce RTX 3070 GAMING Z TRIO 8GB GDDR6 Graphics Card,<span>TBA</span>
Palit GeForce RTX 3070 GamingPro 8GB GDDR6 Graphics Card,<span>TBA</span>
MSI GeForce RTX 3070 GAMING Z TRIO 8GB LHR GDDR6 Graphics Card,<span>TBA</span>
ASUS TUF Gaming Radeon RX 6700 XT OC Edition 12GB GDDR6 Graphics Card,<span>TBA</span>
MSI GeForce RTX 3070 VENTUS 2X 8GB OC LHR GDDR6 Graphics Card,<span>TBA</span>
ASUS Dual GeForce RTX 3070 8GB GDDR6 Graphics Card,<span>TBA</span>
Asus TUF GeForce RTX 3070 Gaming 8GB GDDR6 Graphics Card,<span>TBA</span>
Asus TUF Gaming RTX 3070 OC Edition 8GB GDDR6 Graphics Card,<span>TBA</span>
MSI GeForce RTX 3070 Ti SUPRIM 8GB GDDR6X Graphics Card,<span>TBA</span>
MSI GeForce RTX 3070 SUPRIM X 8GB Graphics Card,<span>TBA</span>
MSI Geforce RTX 3070 Gaming X Trio 8GB Graphics Card,<span>TBA</span>
Colorful iGame GeForce RTX 3080 Advanced OC 10G LHR-V GDDR6X Graphics Card,<span>TBA</span>
Gigabyte GeForce RTX 3080 GAMING OC 10GB Graphics Card,<span>TBA</span>
Gigabyte GeForce RTX 3080 TURBO 10GB GDDR6X Graphics Card,<span>TBA</span>
Sapphire NITRO+ AMD Radeon RX 6900 XT Gaming 16GB RDNA Graphics Card,<span>TBA</span>
MSI GeForce RTX 3080 GAMING Z TRIO 10GB Graphics Card,<span>TBA</span>
XFX Speedster MERC 319 RX6900 XT AMD RDNA 2 16GB Gaming Graphics Card,<span>TBA</span>
MSI GeForce RTX 3080 GAMING TRIO PLUS 10G LHR GDDR6X Graphics Card,<span>TBA</span>
Asus ROG Strix GeForce RTX 3080 OC Edition 10GB GDDR6X Gaming Graphics Card,<span>TBA</span>
Asus TUF Gaming GeForce RTX 3080 V2 OC Edition 10GB GDDR6X Graphics Card,<span>TBA</span>
MSI GeForce RTX 3080 Ti SUPRIM X 12GB GDDR6X Graphics Card,<span>TBA</span>
ASUS ROG Strix GeForce RTX 3080 Ti OC Edition 12GB GDDR6X Gaming Graphics Card,<span>TBA</span>
MSI GeForce RTX 3090 Gaming X Trio 24GB Graphics Card,<span>TBA</span>
MSI GeForce RTX 3090 SUPRIM X 24GB Graphics Card,<span>TBA</span>
ASUS TUF Gaming GeForce RTX 3090 OC Edition 24GB GDDR6X Graphics Card,<span>TBA</span>
AFOX Geforce GTX750 4GB GDDR5 Dual Fan Low Profile Graphics Card,<span>TBA</span>
ASRock Radeon RX 6500 XT Phantom Gaming D 4GB OC GDDR6 Graphics Card,<span>TBA</span>
ZOTAC GAMING GeForce RTX 3060 Ti Twin Edge OC 8GB Graphics Card,<span>TBA</span>
ZOTAC GAMING GeForce RTX 3060 Ti Twin Edge OC LHR 8GB Graphics Card,<span>TBA</span>
Gigabyte GeForce RTX 3070 Ti Gaming OC 8GB Graphics Card,<span>TBA</span>
